id,estudio,problema,repeticion,semilla,seleccion,iteraciones,dimensiones,pm,magnitud,objetivo,tiempo_s,individuo
C01,seleccion,viajero,1,20262006,elitismo,100,3,0.2,0.05,440,0.1770449,[7 3 9 4 2 1 5 10 6 8 11 12 13]
C01,seleccion,viajero,2,20262007,elitismo,100,3,0.2,0.05,429,0.174241,[10 6 1 2 7 3 9 4 8 11 5 12 13]
C01,seleccion,viajero,3,20262008,elitismo,100,3,0.2,0.05,438,0.1751372,[11 8 2 1 4 9 3 7 6 10 5 12 13]
C01,seleccion,viajero,4,20262009,elitismo,100,3,0.2,0.05,433,0.1394663,[13 12 8 5 10 6 1 2 7 3 9 4 11]
C01,seleccion,viajero,5,20262010,elitismo,100,3,0.2,0.05,417,0.1415688,[13 12 10 6 7 3 9 4 2 1 5 8 11]
C02,seleccion,viajero,1,20262006,torneo,100,3,0.2,0.05,418,0.1574724,[13 12 5 4 9 3 7 2 1 10 6 8 11]
C02,seleccion,viajero,2,20262007,torneo,100,3,0.2,0.05,424,0.1551613,[13 12 5 2 1 4 9 3 7 6 10 8 11]
C02,seleccion,viajero,3,20262008,torneo,100,3,0.2,0.05,438,0.1523719,[11 8 2 1 4 9 3 7 6 10 5 12 13]
C02,seleccion,viajero,4,20262009,torneo,100,3,0.2,0.05,429,0.1868307,[10 6 1 2 7 3 9 4 8 11 5 12 13]
C02,seleccion,viajero,5,20262010,torneo,100,3,0.2,0.05,430,0.1453651,[10 6 7 3 9 4 2 1 5 8 11 12 13]
C03,seleccion,viajero,1,20262006,ruleta,100,3,0.2,0.05,479,0.1433495,[10 5 12 13 11 8 4 2 1 6 7 3 9]
C03,seleccion,viajero,2,20262007,ruleta,100,3,0.2,0.05,451,0.1473495,[13 12 5 10 2 6 7 9 3 4 1 8 11]
C03,seleccion,viajero,3,20262008,ruleta,100,3,0.2,0.05,519,0.147862,[13 12 5 8 4 9 3 6 1 2 10 7 11]
C03,seleccion,viajero,4,20262009,ruleta,100,3,0.2,0.05,482,0.1425862,[10 6 1 2 5 12 13 4 3 9 7 8 11]
C03,seleccion,viajero,5,20262010,ruleta,100,3,0.2,0.05,494,0.1370284,[9 3 4 1 10 7 2 12 13 5 6 8 11]
C04,iteraciones,viajero,1,20262006,torneo,10,3,0.2,0.05,500,0.0179311,[12 13 2 7 1 5 4 9 3 10 6 8 11]
C04,iteraciones,viajero,2,20262007,torneo,10,3,0.2,0.05,471,0.0264273,[13 12 4 1 5 2 3 9 7 6 10 8 11]
C04,iteraciones,viajero,3,20262008,torneo,10,3,0.2,0.05,509,0.0173776,[1 2 4 9 3 7 6 5 8 10 12 13 11]
C04,iteraciones,viajero,4,20262009,torneo,10,3,0.2,0.05,503,0.0153189,[11 6 10 8 5 1 2 7 3 4 9 12 13]
C04,iteraciones,viajero,5,20262010,torneo,10,3,0.2,0.05,491,0.0157,[10 7 6 4 9 3 1 2 5 8 11 12 13]
C05,iteraciones,viajero,1,20262006,torneo,20,3,0.2,0.05,459,0.0297493,[13 12 5 1 7 3 4 9 2 10 6 8 11]
C05,iteraciones,viajero,2,20262007,torneo,20,3,0.2,0.05,427,0.0298909,[13 12 5 2 1 4 3 9 7 6 10 8 11]
C05,iteraciones,viajero,3,20262008,torneo,20,3,0.2,0.05,451,0.0331958,[11 8 1 2 4 9 3 7 10 6 5 12 13]
C05,iteraciones,viajero,4,20262009,torneo,20,3,0.2,0.05,464,0.0334469,[13 12 8 10 6 7 2 1 4 9 3 5 11]
C05,iteraciones,viajero,5,20262010,torneo,20,3,0.2,0.05,460,0.0281356,[9 3 7 1 6 10 4 2 5 8 11 12 13]
C06,iteraciones,viajero,1,20262006,torneo,30,3,0.2,0.05,432,0.0498504,[13 12 5 1 7 3 9 4 2 10 6 8 11]
C06,iteraciones,viajero,2,20262007,torneo,30,3,0.2,0.05,427,0.0435355,[13 12 5 2 1 4 3 9 7 6 10 8 11]
C06,iteraciones,viajero,3,20262008,torneo,30,3,0.2,0.05,445,0.0438334,[11 8 2 1 4 9 3 7 10 6 5 12 13]
C06,iteraciones,viajero,4,20262009,torneo,30,3,0.2,0.05,443,0.0443287,[9 3 4 10 6 7 2 1 8 11 5 12 13]
C06,iteraciones,viajero,5,20262010,torneo,30,3,0.2,0.05,442,0.0440098,[10 6 4 9 3 7 1 2 5 8 11 12 13]
C07,iteraciones,viajero,1,20262006,torneo,50,3,0.2,0.05,418,0.1049426,[13 12 5 4 9 3 7 2 1 10 6 8 11]
C07,iteraciones,viajero,2,20262007,torneo,50,3,0.2,0.05,427,0.0818722,[13 12 5 2 1 4 3 9 7 6 10 8 11]
C07,iteraciones,viajero,3,20262008,torneo,50,3,0.2,0.05,438,0.0805804,[11 8 2 1 4 9 3 7 6 10 5 12 13]
C07,iteraciones,viajero,4,20262009,torneo,50,3,0.2,0.05,429,0.0748599,[10 6 1 2 7 3 9 4 8 11 5 12 13]
C07,iteraciones,viajero,5,20262010,torneo,50,3,0.2,0.05,435,0.0959315,[10 6 4 9 3 7 2 1 5 8 11 12 13]
C08,iteraciones,viajero,1,20262006,torneo,100,3,0.2,0.05,418,0.1525907,[13 12 5 4 9 3 7 2 1 10 6 8 11]
C08,iteraciones,viajero,2,20262007,torneo,100,3,0.2,0.05,424,0.1444786,[13 12 5 2 1 4 9 3 7 6 10 8 11]
C08,iteraciones,viajero,3,20262008,torneo,100,3,0.2,0.05,438,0.1476115,[11 8 2 1 4 9 3 7 6 10 5 12 13]
C08,iteraciones,viajero,4,20262009,torneo,100,3,0.2,0.05,429,0.1531922,[10 6 1 2 7 3 9 4 8 11 5 12 13]
C08,iteraciones,viajero,5,20262010,torneo,100,3,0.2,0.05,430,0.1589445,[10 6 7 3 9 4 2 1 5 8 11 12 13]
C09,iteraciones,viajero,1,20262006,torneo,150,3,0.2,0.05,418,0.2602847,[13 12 5 4 9 3 7 2 1 10 6 8 11]
C09,iteraciones,viajero,2,20262007,torneo,150,3,0.2,0.05,424,0.2241386,[13 12 5 2 1 4 9 3 7 6 10 8 11]
C09,iteraciones,viajero,3,20262008,torneo,150,3,0.2,0.05,438,0.2159757,[11 8 2 1 4 9 3 7 6 10 5 12 13]
C09,iteraciones,viajero,4,20262009,torneo,150,3,0.2,0.05,429,0.2192524,[10 6 1 2 7 3 9 4 8 11 5 12 13]
C09,iteraciones,viajero,5,20262010,torneo,150,3,0.2,0.05,430,0.2273429,[10 6 7 3 9 4 2 1 5 8 11 12 13]
C10,iteraciones,viajero,1,20262006,torneo,200,3,0.2,0.05,418,0.3096105,[13 12 5 4 9 3 7 2 1 10 6 8 11]
C10,iteraciones,viajero,2,20262007,torneo,200,3,0.2,0.05,424,0.2867203,[13 12 5 2 1 4 9 3 7 6 10 8 11]
C10,iteraciones,viajero,3,20262008,torneo,200,3,0.2,0.05,438,0.3862926,[11 8 2 1 4 9 3 7 6 10 5 12 13]
C10,iteraciones,viajero,4,20262009,torneo,200,3,0.2,0.05,429,0.3569658,[10 6 1 2 7 3 9 4 8 11 5 12 13]
C10,iteraciones,viajero,5,20262010,torneo,200,3,0.2,0.05,430,0.3137503,[10 6 7 3 9 4 2 1 5 8 11 12 13]
C11,mutacion,viajero,1,20262006,torneo,30,3,0,0.05,456,0.0529883,[10 6 5 8 11 2 1 7 3 9 4 12 13]
C11,mutacion,viajero,2,20262007,torneo,30,3,0,0.05,435,0.0470113,[12 13 5 10 6 1 2 7 3 9 4 8 11]
C11,mutacion,viajero,3,20262008,torneo,30,3,0,0.05,446,0.0505328,[13 12 10 6 5 8 4 9 3 7 1 2 11]
C11,mutacion,viajero,4,20262009,torneo,30,3,0,0.05,450,0.0475594,[9 3 7 1 2 4 5 10 6 8 11 12 13]
C11,mutacion,viajero,5,20262010,torneo,30,3,0,0.05,474,0.0404855,[9 3 4 1 2 7 8 10 6 5 12 13 11]
C12,mutacion,viajero,1,20262006,torneo,30,3,0.05,0.05,440,0.0582479,[13 12 5 10 6 1 7 3 9 2 4 8 11]
C12,mutacion,viajero,2,20262007,torneo,30,3,0.05,0.05,441,0.0494236,[13 12 5 6 1 4 9 3 7 2 10 8 11]
C12,mutacion,viajero,3,20262008,torneo,30,3,0.05,0.05,447,0.0435921,[13 12 10 2 1 6 7 9 3 4 5 8 11]
C12,mutacion,viajero,4,20262009,torneo,30,3,0.05,0.05,442,0.0456617,[10 6 7 2 1 9 3 4 8 11 5 12 13]
C12,mutacion,viajero,5,20262010,torneo,30,3,0.05,0.05,453,0.0452052,[11 8 4 1 2 7 9 3 10 6 5 12 13]
C13,mutacion,viajero,1,20262006,torneo,30,3,0.2,0.05,432,0.0520374,[13 12 5 1 7 3 9 4 2 10 6 8 11]
C13,mutacion,viajero,2,20262007,torneo,30,3,0.2,0.05,427,0.06405,[13 12 5 2 1 4 3 9 7 6 10 8 11]
C13,mutacion,viajero,3,20262008,torneo,30,3,0.2,0.05,445,0.0446911,[11 8 2 1 4 9 3 7 10 6 5 12 13]
C13,mutacion,viajero,4,20262009,torneo,30,3,0.2,0.05,443,0.047507,[9 3 4 10 6 7 2 1 8 11 5 12 13]
C13,mutacion,viajero,5,20262010,torneo,30,3,0.2,0.05,442,0.0479389,[10 6 4 9 3 7 1 2 5 8 11 12 13]
C14,mutacion,viajero,1,20262006,torneo,30,3,0.5,0.05,447,0.0507488,[9 3 7 1 2 4 11 8 10 6 5 12 13]
C14,mutacion,viajero,2,20262007,torneo,30,3,0.5,0.05,434,0.0494046,[13 12 5 2 4 3 9 7 1 10 6 8 11]
C14,mutacion,viajero,3,20262008,torneo,30,3,0.5,0.05,443,0.0674348,[11 8 1 2 7 3 9 4 6 10 5 12 13]
C14,mutacion,viajero,4,20262009,torneo,30,3,0.5,0.05,426,0.0534484,[13 12 4 3 9 7 2 1 10 6 5 8 11]
C14,mutacion,viajero,5,20262010,torneo,30,3,0.5,0.05,441,0.052814,[13 12 5 10 6 8 4 3 9 7 2 1 11]
C15,mutacion,viajero,1,20262006,torneo,30,3,0.8,0.05,465,0.054449,[10 6 8 5 1 2 7 3 9 4 12 13 11]
C15,mutacion,viajero,2,20262007,torneo,30,3,0.8,0.05,452,0.0544461,[11 8 1 6 10 4 9 3 7 2 5 12 13]
C15,mutacion,viajero,3,20262008,torneo,30,3,0.8,0.05,445,0.0702362,[9 3 7 1 2 10 6 5 4 8 11 12 13]
C15,mutacion,viajero,4,20262009,torneo,30,3,0.8,0.05,474,0.0560409,[7 3 9 4 2 1 5 6 8 11 13 12 10]
C15,mutacion,viajero,5,20262010,torneo,30,3,0.8,0.05,453,0.0566788,[9 3 4 8 11 13 12 5 10 6 2 1 7]
C16,seleccion,ackley,1,20263006,elitismo,100,3,0.2,0.05,0.282069287062086,0.05562,[-4.9704123268671147e-05 3.6268820166018541e-05 0.00013883657847789873]
C16,seleccion,ackley,2,20263007,elitismo,100,3,0.2,0.05,0.28595117775588,0.0524839,[0.0016691609667776283 -2.6483180432156292e-06 0.00069434829283251845]
C16,seleccion,ackley,3,20263008,elitismo,100,3,0.2,0.05,0.286652062192573,0.0601786,[-0.0020683496770257312 1.6416455153895679e-05 -0.00037682298312777306]
C16,seleccion,ackley,4,20263009,elitismo,100,3,0.2,0.05,0.285364528322901,0.0582062,[0.00015074129177844193 -0.0014780111348674627 0.00047645197250117944]
C16,seleccion,ackley,5,20263010,elitismo,100,3,0.2,0.05,0.283011112325674,0.0466016,[0.00016211993211170532 1.5257036896613121e-05 0.00053315864251549279]
C17,seleccion,ackley,1,20263006,torneo,100,3,0.2,0.05,0.30426361570424,0.0483628,[0.0043351122724147491 -0.00033525350333756736 0.0080201704395267831]
C17,seleccion,ackley,2,20263007,torneo,100,3,0.2,0.05,0.29965022623437,0.0556366,[-0.0073478106219382862 -0.00011192290571134826 0.00012457519336882259]
C17,seleccion,ackley,3,20263008,torneo,100,3,0.2,0.05,0.286472834275415,0.0519184,[0.0018807738762404874 -0.00075559918163030653 -3.8180113540313968e-05]
C17,seleccion,ackley,4,20263009,torneo,100,3,0.2,0.05,0.281758643197801,0.0591521,[-6.754507653783165e-06 -1.5546763742190889e-05 4.439438131351986e-06]
C17,seleccion,ackley,5,20263010,torneo,100,3,0.2,0.05,0.282731967078654,0.0642092,[0.00039124095928564826 0.00018722374457806975 -5.7420233235998924e-05]
C18,seleccion,ackley,1,20263006,ruleta,100,3,0.2,0.05,0.323074224041051,0.0441977,[0.00098664280214642418 -0.014387494067156073 0.0068230980050205045]
C18,seleccion,ackley,2,20263007,ruleta,100,3,0.2,0.05,0.291802301359521,0.0521543,[-0.0034777754814250025 0.0022631205578755908 0.00081763937645767254]
C18,seleccion,ackley,3,20263008,ruleta,100,3,0.2,0.05,0.29494476282883,0.0413016,[-0.0032715403822683961 0.0033634409142449637 0.0028603135116094373]
C18,seleccion,ackley,4,20263009,ruleta,100,3,0.2,0.05,0.314567738934073,0.0444588,[-0.0033999677102083507 0.012308676399847281 -0.0020848929393405681]
C18,seleccion,ackley,5,20263010,ruleta,100,3,0.2,0.05,0.300402090614696,0.0491577,[0.0063975327146809672 0.0020954742362948807 -0.0036159509735980248]
C19,iteraciones,ackley,1,20263006,elitismo,10,3,0.2,0.05,0.508861493569579,0.0053576,[0.025805282743109288 -0.012603715419055608 -0.059236636806161355]
C19,iteraciones,ackley,2,20263007,elitismo,10,3,0.2,0.05,0.625054356514969,0.0050401,[-0.070283553184544587 0.011075452678435863 -0.054290316528919566]
C19,iteraciones,ackley,3,20263008,elitismo,10,3,0.2,0.05,0.403557203062306,0.0050451,[0.0008306224405516642 -0.0070650190753219939 0.039732122475064559]
C19,iteraciones,ackley,4,20263009,elitismo,10,3,0.2,0.05,1.58277252313711,0.0046363,[-0.20308650404072476 0.11012508362504872 0.049739242526067096]
C19,iteraciones,ackley,5,20263010,elitismo,10,3,0.2,0.05,0.427698779447574,0.0048036,[0.001301307491472635 0.045137355881303742 -0.011844006276106493]
C20,iteraciones,ackley,1,20263006,elitismo,20,3,0.2,0.05,0.283243231610815,0.0109567,[0.00052457439512961683 -0.00030810360944584801 0.00024821551038878872]
C20,iteraciones,ackley,2,20263007,elitismo,20,3,0.2,0.05,0.287359367440502,0.0138292,[0.0017929806502645384 0.00048668068656435221 0.0015169425160854698]
C20,iteraciones,ackley,3,20263008,elitismo,20,3,0.2,0.05,0.294937647066696,0.0112158,[-0.0015765861129773222 -0.0046932533759267035 -0.0023777489483445993]
C20,iteraciones,ackley,4,20263009,elitismo,20,3,0.2,0.05,0.295957556108647,0.0086475,[0.0046694877151420115 -0.0031748115131269828 -0.0017052961261450894]
C20,iteraciones,ackley,5,20263010,elitismo,20,3,0.2,0.05,0.291836919798641,0.0082584,[0.00048322901182706662 -0.0041751213490462558 -0.00058248225240289811]
C21,iteraciones,ackley,1,20263006,elitismo,30,3,0.2,0.05,0.282202226290604,0.011818,[-0.00011839063979431923 7.6488588432383105e-05 0.00015467736814349056]
C21,iteraciones,ackley,2,20263007,elitismo,30,3,0.2,0.05,0.2869649847825,0.0116421,[0.0017976116606170109 0.001271101477753138 0.00037657606338096106]
C21,iteraciones,ackley,3,20263008,elitismo,30,3,0.2,0.05,0.294184333145818,0.0123428,[-0.0018473537501856392 -0.0047983729340134148 -0.00071305075988317853]
C21,iteraciones,ackley,4,20263009,elitismo,30,3,0.2,0.05,0.288706122994089,0.0126718,[0.00038311903791673325 -0.0029336775564643017 2.9945646739502907e-06]
C21,iteraciones,ackley,5,20263010,elitismo,30,3,0.2,0.05,0.283051424076998,0.0126793,[0.00021328128715443747 0.00019083340727302654 0.00049845851490904966]
C22,iteraciones,ackley,1,20263006,elitismo,50,3,0.2,0.05,0.282069947092761,0.0180838,[-5.3011382072882207e-05 3.7226831426380758e-05 0.00013766685087072725]
C22,iteraciones,ackley,2,20263007,elitismo,50,3,0.2,0.05,0.286904587709792,0.018672,[0.0016686823969385214 0.0012675484277732496 0.00069670941696003898]
C22,iteraciones,ackley,3,20263008,elitismo,50,3,0.2,0.05,0.294098072581921,0.0221083,[-0.0023090019659086991 -0.0045949453452283637 -0.00037748308190012543]
C22,iteraciones,ackley,4,20263009,elitismo,50,3,0.2,0.05,0.285364528322901,0.0210492,[0.00015074129177844193 -0.0014780111348674627 0.00047645197250117944]
C22,iteraciones,ackley,5,20263010,elitismo,50,3,0.2,0.05,0.283011370996487,0.0238779,[0.00016492645076175141 2.688208812717939e-05 0.00053195323097865086]
C23,iteraciones,ackley,1,20263006,elitismo,100,3,0.2,0.05,0.282069287062086,0.0423358,[-4.9704123268671147e-05 3.6268820166018541e-05 0.00013883657847789873]
C23,iteraciones,ackley,2,20263007,elitismo,100,3,0.2,0.05,0.28595117775588,0.0348467,[0.0016691609667776283 -2.6483180432156292e-06 0.00069434829283251845]
C23,iteraciones,ackley,3,20263008,elitismo,100,3,0.2,0.05,0.286652062192573,0.0374494,[-0.0020683496770257312 1.6416455153895679e-05 -0.00037682298312777306]
C23,iteraciones,ackley,4,20263009,elitismo,100,3,0.2,0.05,0.285364528322901,0.0380774,[0.00015074129177844193 -0.0014780111348674627 0.00047645197250117944]
C23,iteraciones,ackley,5,20263010,elitismo,100,3,0.2,0.05,0.283011112325674,0.0382296,[0.00016211993211170532 1.5257036896613121e-05 0.00053315864251549279]
C24,iteraciones,ackley,1,20263006,elitismo,150,3,0.2,0.05,0.282069287062086,0.0601611,[-4.9704123268671147e-05 3.6268820166018541e-05 0.00013883657847789873]
C24,iteraciones,ackley,2,20263007,elitismo,150,3,0.2,0.05,0.284895718376646,0.0613598,[0.0011713269315182665 -2.6482932348917041e-06 0.00069434829317255526]
C24,iteraciones,ackley,3,20263008,elitismo,150,3,0.2,0.05,0.286652062192573,0.0627857,[-0.0020683496770257312 1.6416455153895679e-05 -0.00037682298312777306]
C24,iteraciones,ackley,4,20263009,elitismo,150,3,0.2,0.05,0.285364528322901,0.0627988,[0.00015074129177844193 -0.0014780111348674627 0.00047645197250117944]
C24,iteraciones,ackley,5,20263010,elitismo,150,3,0.2,0.05,0.283011112325674,0.0670444,[0.00016211993211170532 1.5257036896613121e-05 0.00053315864251549279]
C25,iteraciones,ackley,1,20263006,elitismo,200,3,0.2,0.05,0.282069287062086,0.1039297,[-4.9704123268671147e-05 3.6268820166018541e-05 0.00013883657847789873]
C25,iteraciones,ackley,2,20263007,elitismo,200,3,0.2,0.05,0.283330270703075,0.0886886,[-3.0892885536003869e-10 -2.6482932370892032e-06 0.00069434829317252533]
C25,iteraciones,ackley,3,20263008,elitismo,200,3,0.2,0.05,0.286652062192573,0.0916971,[-0.0020683496770257312 1.6416455153895679e-05 -0.00037682298312777306]
C25,iteraciones,ackley,4,20263009,elitismo,200,3,0.2,0.05,0.285364528322901,0.0783467,[0.00015074129177844193 -0.0014780111348674627 0.00047645197250117944]
C25,iteraciones,ackley,5,20263010,elitismo,200,3,0.2,0.05,0.283011112325674,0.0913463,[0.00016211993211170532 1.5257036896613121e-05 0.00053315864251549279]
C26,mutacion,ackley,1,20263006,elitismo,200,3,0,0.05,0.283823145614029,0.0810318,[0.00056676115604080489 -2.5326715304578926e-05 -0.00070533336873957256]
C26,mutacion,ackley,2,20263007,elitismo,200,3,0,0.05,0.443095652415529,0.095599,[-0.020011576667453061 -0.04139813627863749 -0.020909755898068736]
C26,mutacion,ackley,3,20263008,elitismo,200,3,0,0.05,0.282293463764471,0.0855244,[-0.00021757689783212056 1.2424251790555211e-05 -0.00011968550469427975]
C26,mutacion,ackley,4,20263009,elitismo,200,3,0,0.05,0.818927384098878,0.0803337,[0.0035033427418052145 -0.026346851072977844 -0.12156784469826074]
C26,mutacion,ackley,5,20263010,elitismo,200,3,0,0.05,0.297531958535487,0.0749589,[0.0032089186625858749 -0.00089232270212986117 -0.0056060055488588549]
C27,mutacion,ackley,1,20263006,elitismo,200,3,0.05,0.01,0.283484194193989,0.0822425,[-3.4291065213032052e-08 0.00051035046378443243 -0.00056351445581480472]
C27,mutacion,ackley,2,20263007,elitismo,200,3,0.05,0.01,0.281718763982475,0.0751814,[-1.913050378995486e-07 6.1077357928252378e-08 -1.5962998980378286e-07]
C27,mutacion,ackley,3,20263008,elitismo,200,3,0.05,0.01,0.287237505883152,0.0719516,[-0.0022067462297461022 -0.00080086823283917279 -3.2470392183931742e-06]
C27,mutacion,ackley,4,20263009,elitismo,200,3,0.05,0.01,0.28333831178869,0.0742828,[-8.5196057022883836e-10 0.00069774961432105941 -8.2486383258663496e-06]
C27,mutacion,ackley,5,20263010,elitismo,200,3,0.05,0.01,0.301000157172197,0.0752287,[-0.0032491505990672534 0.0035686656492928148 0.0062202914475785291]
C28,mutacion,ackley,1,20263006,elitismo,200,3,0.05,0.05,0.282471923113196,0.0790677,[0.00012469557392418766 0.00015070229628681535 -0.00026025977763027743]
C28,mutacion,ackley,2,20263007,elitismo,200,3,0.05,0.05,0.281990870413491,0.0757124,[-2.4101895480367908e-09 -0.00011797507316850941 -5.8591593710180857e-08]
C28,mutacion,ackley,3,20263008,elitismo,200,3,0.05,0.05,0.308134676521938,0.0730653,[0.010579024633134518 -6.4288015078982147e-06 4.1704023514044951e-09]
C28,mutacion,ackley,4,20263009,elitismo,200,3,0.05,0.05,0.281933961026116,0.0714039,[9.3372553892490941e-05 5.4588436127597419e-08 9.403560906511086e-12]
C28,mutacion,ackley,5,20263010,elitismo,200,3,0.05,0.05,0.285841454682807,0.0719275,[-0.00057502290951991295 -1.6535121625641267e-08 0.0016650869726282009]
C29,mutacion,ackley,1,20263006,elitismo,200,3,0.2,0.01,0.283682192933579,0.0774352,[0.00058394356994066505 9.5831096709397853e-05 0.00060314218730324342]
C29,mutacion,ackley,2,20263007,elitismo,200,3,0.2,0.01,0.284250660624753,0.0728739,[-0.00093503587410592964 -6.3908991155310969e-10 -0.00055532276451957917]
C29,mutacion,ackley,3,20263008,elitismo,200,3,0.2,0.01,0.285712911044357,0.0789703,[0.0017072398073448561 2.069049992836571e-05 1.6714864409768551e-09]
C29,mutacion,ackley,4,20263009,elitismo,200,3,0.2,0.01,0.281848460441559,0.0739465,[-7.0141830326373702e-07 5.4021302707894046e-05 1.6164738798113097e-05]
C29,mutacion,ackley,5,20263010,elitismo,200,3,0.2,0.01,0.281828467861306,0.0750596,[2.0877854211147742e-07 4.7713937805840216e-05 1.6287852698273278e-06]
C30,mutacion,ackley,1,20263006,elitismo,200,3,0.2,0.05,0.282069287062086,0.0726292,[-4.9704123268671147e-05 3.6268820166018541e-05 0.00013883657847789873]
C30,mutacion,ackley,2,20263007,elitismo,200,3,0.2,0.05,0.283330270703075,0.0740446,[-3.0892885536003869e-10 -2.6482932370892032e-06 0.00069434829317252533]
C30,mutacion,ackley,3,20263008,elitismo,200,3,0.2,0.05,0.286652062192573,0.0790411,[-0.0020683496770257312 1.6416455153895679e-05 -0.00037682298312777306]
C30,mutacion,ackley,4,20263009,elitismo,200,3,0.2,0.05,0.285364528322901,0.0797062,[0.00015074129177844193 -0.0014780111348674627 0.00047645197250117944]
C30,mutacion,ackley,5,20263010,elitismo,200,3,0.2,0.05,0.283011112325674,0.0790292,[0.00016211993211170532 1.5257036896613121e-05 0.00053315864251549279]
C31,mutacion,ackley,1,20263006,elitismo,200,3,0.5,0.01,0.281913000398461,0.0741258,[-8.3848380338046635e-05 -5.9730418219328715e-06 6.4601925421687102e-06]
C31,mutacion,ackley,2,20263007,elitismo,200,3,0.5,0.01,0.2819743599667,0.0740851,[3.4243610697739629e-05 -0.0001053787111100527 2.8026526395194651e-06]
C31,mutacion,ackley,3,20263008,elitismo,200,3,0.5,0.01,0.282559263384609,0.0734768,[2.2528619346774006e-05 3.0080479981547783e-05 0.00036123985680950471]
C31,mutacion,ackley,4,20263009,elitismo,200,3,0.5,0.01,0.281797722583228,0.0770996,[1.9358829896529474e-05 3.9457093217387989e-10 -2.848116571131968e-05]
C31,mutacion,ackley,5,20263010,elitismo,200,3,0.5,0.01,0.281768310723656,0.0790472,[6.9559224471816864e-06 -2.4042494802363393e-06 2.0421576057099757e-05]
C32,mutacion,ackley,1,20263006,elitismo,200,3,0.5,0.05,0.283036171457315,0.0788949,[4.0428788767998128e-05 0.00018398014094901243 -0.00053609765591063909]
C32,mutacion,ackley,2,20263007,elitismo,200,3,0.5,0.05,0.282006272572801,0.0816618,[-6.6325084802928825e-05 -0.00010550898190348909 -1.4050767244135157e-06]
C32,mutacion,ackley,3,20263008,elitismo,200,3,0.5,0.05,0.282695601498599,0.08642,[0.00010532942223054077 -0.00022897841733475428 0.00033830483149971575]
C32,mutacion,ackley,4,20263009,elitismo,200,3,0.5,0.05,0.283616703202654,0.0824997,[0.00042844351708504257 6.9285418650505198e-05 -0.00069213865795309578]
C32,mutacion,ackley,5,20263010,elitismo,200,3,0.5,0.05,0.284286732090852,0.0827045,[0.00029542472301467295 -0.00081090815397609538 0.00068663931390703422]
C33,mutacion,ackley,1,20263006,elitismo,200,3,0.8,0.01,0.281871698437239,0.0721628,[-4.8578840238681863e-05 -5.3580568602238473e-06 -4.5014959860239841e-05]
C33,mutacion,ackley,2,20263007,elitismo,200,3,0.8,0.01,0.281768269162523,0.0721873,[2.8625794553522175e-06 -2.1015773595222618e-05 4.5352193415389874e-06]
C33,mutacion,ackley,3,20263008,elitismo,200,3,0.8,0.01,0.281720358986853,0.0726638,[-6.0875651485699407e-07 6.1334076846335708e-07 -3.8779886459783112e-07]
C33,mutacion,ackley,4,20263009,elitismo,200,3,0.8,0.01,0.28222259826623,0.0733601,[0.00010293214997590844 -2.2784666891594252e-06 -0.00019222104252669279]
C33,mutacion,ackley,5,20263010,elitismo,200,3,0.8,0.01,0.281853738167811,0.0720754,[-6.4643908931907664e-06 5.9715289624002495e-06 5.8011889268931385e-05]
C34,mutacion,ackley,1,20263006,elitismo,200,3,0.8,0.05,0.282098062707231,0.0763155,[6.259821332239794e-05 -0.00015181384994403631 5.0294123702873045e-06]
C34,mutacion,ackley,2,20263007,elitismo,200,3,0.8,0.05,0.281763250206787,0.0787855,[-1.7172264100976156e-05 -2.1122163479965342e-07 -9.2720321382233895e-06]
C34,mutacion,ackley,3,20263008,elitismo,200,3,0.8,0.05,0.282749643101582,0.0796809,[-3.2713775951860054e-05 0.00037611405412168688 -0.00023579104917157047]
C34,mutacion,ackley,4,20263009,elitismo,200,3,0.8,0.05,0.283518477300376,0.080836,[-0.00041727148301948886 3.9777002531696175e-06 0.00065299248475839122]
C34,mutacion,ackley,5,20263010,elitismo,200,3,0.8,0.05,0.282269788121102,0.0810572,[1.9682852477240666e-05 0.00023711844193169274 1.5216427945990112e-05]
C35,dimensiones,ackley,1,20263006,elitismo,200,2,0.8,0.01,0.281775135903196,0.0786724,[-1.7021447372799618e-05 -1.07579694143794e-05]
C35,dimensiones,ackley,2,20263007,elitismo,200,2,0.8,0.01,0.281718174023716,0.0722722,[-8.7764385332368601e-10 1.5920083280431448e-11]
C35,dimensiones,ackley,3,20263008,elitismo,200,2,0.8,0.01,0.281718171543766,0.0718375,[1.1229603861352381e-13 -9.8762546942488397e-13]
C35,dimensiones,ackley,4,20263009,elitismo,200,2,0.8,0.01,0.281718171875109,0.0717942,[-7.4428408344593256e-12 1.1790643050669104e-10]
C35,dimensiones,ackley,5,20263010,elitismo,200,2,0.8,0.01,0.281718173697122,0.0720871,[-6.597386670012484e-10 3.8193779077538308e-10]
C36,dimensiones,ackley,1,20263006,elitismo,200,3,0.8,0.01,0.281871698437239,0.0799984,[-4.8578840238681863e-05 -5.3580568602238473e-06 -4.5014959860239841e-05]
C36,dimensiones,ackley,2,20263007,elitismo,200,3,0.8,0.01,0.281768269162523,0.0736928,[2.8625794553522175e-06 -2.1015773595222618e-05 4.5352193415389874e-06]
C36,dimensiones,ackley,3,20263008,elitismo,200,3,0.8,0.01,0.281720358986853,0.0755829,[-6.0875651485699407e-07 6.1334076846335708e-07 -3.8779886459783112e-07]
C36,dimensiones,ackley,4,20263009,elitismo,200,3,0.8,0.01,0.28222259826623,0.075258,[0.00010293214997590844 -2.2784666891594252e-06 -0.00019222104252669279]
C36,dimensiones,ackley,5,20263010,elitismo,200,3,0.8,0.01,0.281853738167811,0.0734514,[-6.4643908931907664e-06 5.9715289624002495e-06 5.8011889268931385e-05]
C37,dimensiones,ackley,1,20263006,elitismo,200,10,0.8,0.01,2.86176826108495,0.0765198,[0.0012576366629208973 -0.00027304067611923623 0.95224497549252485 0.95117873007814935 -0.0019540879328130878 -0.95401339223867487 0.0029196645031721517 -0.95155133981364748 -0.0011560355724916217 0.95375241961956236]
C37,dimensiones,ackley,2,20263007,elitismo,200,10,0.8,0.01,1.92838371011221,0.0771723,[0.91849246183182065 -0.0036020927093548759 -0.00031709546140519832 -1.4041000792095783e-05 0.0039802416878510589 0.9139243155622403 0.0056328682728219075 0.00041094031673133581 -0.00068287010898286638 -0.0022060591207132595]
C37,dimensiones,ackley,3,20263008,elitismo,200,10,0.8,0.01,0.287330937317144,0.0773043,[0.0018440062866116294 0.0019288758951909505 0.00083927396521248966 -0.00060133460634902353 -0.00092450077765558985 0.00080672683704942913 -0.0019774796759279918 0.0013426363269983721 -0.0018187333493059924 0.00052263241562126601]
C37,dimensiones,ackley,4,20263009,elitismo,200,10,0.8,0.01,0.288778849399851,0.0776543,[-0.0023480791720295107 0.0025970797799057103 0.0027327800895220167 -0.001277009528892868 0.0004938895707789616 -0.00020811711321931724 0.0013989972109649783 -0.0021110608965165087 0.00089677867795928299 -0.00095506045013256]
C37,dimensiones,ackley,5,20263010,elitismo,200,10,0.8,0.01,2.29522441081026,0.0760943,[-0.002187504745534672 0.00012145523588562289 -0.93842672538416072 0.93524618399038784 -0.0019158138585668517 -0.0023533302472834674 0.93481362687308811 0.00098639413541832545 -0.0018077632726399004 0.0026125880671429473]
C38,dimensiones,ackley,1,20263006,elitismo,200,20,0.8,0.01,3.0989124549809,0.0844105,[-0.96218435149189308 -0.00053729676325864448 -0.94992640722161725 0.95044506140113183 -0.00058544550972237052 -0.95280863399270577 0.96676592436136155 -0.010391977558683008 -0.94886024774451583 0.0052551943219998681 -0.00046988296453993569 0.96703539836815711 0.96669018751175118 0.94243281818316516 -0.96464075353894774 0.0064219472624428009 -0.0016979461652402549 -0.9648471287201329 -0.96366299549107792 0.004564905497176747]
C38,dimensiones,ackley,2,20263007,elitismo,200,20,0.8,0.01,2.45754346601394,0.0820145,[0.0077945188999299416 0.93996666262034179 -0.010702051556420256 -0.0083238373375910512 -0.016259608363879352 0.0087270516431745687 -0.94891160053774148 0.95261264223573971 0.0060955894643035325 -0.93777824272793664 -0.93363604561037983 -0.0055245416161413541 -0.93806285716492721 0.015367359990499933 -0.0079925928748985336 -0.012904194171529385 -0.0044948027367722916 0.013831404968771928 -0.9329064497812003 -0.0049358083888765402]
C38,dimensiones,ackley,3,20263008,elitismo,200,20,0.8,0.01,2.29840931033872,0.0813974,[-0.0093687683195366189 -0.0077635204868388569 0.92580644257539157 -0.0087233193954867044 0.0052993158710532614 0.0072996005456247796 -0.93091149381528859 -0.010404719760201686 -0.0061986072067894173 -0.0026417524560266915 -0.92675428698672413 -0.9226932931936529 -0.0014268283883409321 0.013072777476369972 -0.0074783412260880774 -0.92639075274209315 0.0045698395616877779 -0.00085770173667397984 0.0086744942682407157 0.92462335151065389]
C38,dimensiones,ackley,4,20263009,elitismo,200,20,0.8,0.01,3.106600803276,0.0872214,[0.95635181296898719 -0.013344643352833467 0.0065638341387613498 0.95216828216214089 -0.016483353855797765 0.96934953886019981 0.96151544173376213 -0.0052829950495012811 -0.015990956051132984 -0.01222970828306433 -0.96565485239229221 -1.9271864680141169 0.013956093823164539 -0.92912052839950099 -0.0054123616688410538 -0.012392255387902696 0.01476643571119781 0.0065057570967150917 -0.97450761916002049 -0.98745537134751271]
C38,dimensiones,ackley,5,20263010,elitismo,200,20,0.8,0.01,2.29215135022226,0.0812576,[0.0019462011921532662 -0.27878629011787459 -0.93387282568205499 -0.92671314315920394 -0.92418635764427814 -0.0051662841529124363 0.94390818766257856 -0.0096763019400499181 -0.0037748133451042136 -0.0080664162602192488 -0.0070474763628448579 -0.0071175793173131191 -0.007513565639742893 -0.0052222656552367089 0.0077724805667559096 0.0054695312817125592 0.0015228515842441598 0.0061801432451849599 -0.0092988142491655552 -0.94279264059051604]
C39,dimensiones,ackley,1,20263006,elitismo,200,50,0.8,0.01,3.74692495281253,0.1375509,[-1.0030596278194264 0.044671276959098588 -0.9450590177670366 -0.93687063694093187 -1.9578884566493633 -0.91725171230495173 0.95049401046375337 0.025148717427657452 -0.0042467254569228561 -0.94754979741534773 0.0055652421958138605 0.93333924678895586 0.03060492125324317 1.8555979575120416 -0.92711791323540582 0.028438908855280415 -0.99166567834797781 -0.033825707538203631 0.038232984567985906 -0.016366850746871116 0.054483890260347036 -1.9140675767804567 0.042838606286154511 0.021428709642204044 -0.045996907107299603 -0.027697836069455889 0.024292244129292331 -0.93978428888460497 -0.046362902478336562 -0.013630286681639937 1.9655791585613591 -0.050783545774879389 0.02181493304837229 0.032615043064808717 0.99807085407590435 -1.0104025496188846 1.8753787044728918 0.026538882229992823 -0.048027938827766084 1.0007509733747626 0.9886827392964681 -1.9686611201048154 -0.031478083250135992 1.9112507224230106 0.94495490471124088 1.0087484352792508 -0.014528965859081942 -0.91893786951929834 0.029356218218651385 -0.020321127835810811]
C39,dimensiones,ackley,2,20263007,elitismo,200,50,0.8,0.01,3.72444918046008,0.1347,[0.93579175376103052 -0.026635274874456244 -0.94507689915359605 -0.018981298585895187 0.90616073179410561 -0.018801904867221851 -0.94708223044763451 0.046710144822321845 -0.9724696220828819 -1.9302917280488847 -0.010935034247880407 -0.031438397008936025 0.9954518854052683 -0.94813408187774328 1.9285890264844696 -0.93310957649364301 0.024143388784862968 0.03628449432642801 -1.9452438783758583 0.97903587158011551 0.021283905294926214 -0.9505434178315435 -0.95822677980227966 -0.039963040171841359 -0.034868381414311318 0.87806373630477808 0.049665872971239595 0.0073140841388133395 0.012938428339156885 0.043532065006698567 -0.023778041122722519 0.055839037019269011 0.91316797894696822 1.0016824072674031 -0.043187959712007395 -0.99006744224976684 -0.02751627636302087 -0.9941096310626848 -2.9109545180419492 -0.93295228612152381 1.0153572028329085 1.0144490343163013 0.031683320548872775 0.88647185349486235 -0.0042715299001394253 0.062267651223868091 0.89872655078059871 0.88541104345621435 -0.97804877786336641 -0.0405423896427635]
C39,dimensiones,ackley,3,20263008,elitismo,200,50,0.8,0.01,3.01368460890265,0.1254284,[-0.030136769679571997 0.90269171889588251 0.037818774130038452 -0.013847510864457315 -0.90134033580887052 0.9547873105392235 -0.96514965262531438 -0.91724606310785251 -0.9809890013153798 -0.010982600936231185 -0.031146695074024622 -0.97954541594277211 0.02979663755695186 0.028752880488345872 -0.036156746711487622 0.024946807791185639 0.98875379468350078 -0.050799172252651785 0.0083258936121974395 0.023135747343940596 0.97300031892817251 0.034836282496589745 -1.9057864122420127 0.95159273215127316 -0.89976668140813287 -0.030836845469589095 -0.02140772677801181 0.031475738872423782 -0.058474296903803194 0.019495855837313079 0.91408655723186449 0.91397183236444146 -0.91013181888481198 -0.91271563459441563 0.025029762404740606 -0.91455531997446271 0.044735914105262592 -0.029189869617140738 0.023112387037613018 0.92373545014345104 -0.90382217608131543 0.96050311103127806 0.90782939009126462 -0.92569208450793106 -0.0093481028333166766 0.9686813737328297 0.03839303983900972 0.97873446309647338 -0.031173319731775558 -0.034023580404414958]
C39,dimensiones,ackley,4,20263009,elitismo,200,50,0.8,0.01,3.13855232284439,0.1229699,[0.97503116831714465 0.072800253160698131 0.060002454332561586 0.060747130097293892 0.97806925361956976 0.96916856028822262 -0.046996941260115728 -0.024690337923450108 -0.92312225217242383 0.029869223861056424 0.043173764854911013 -0.04616648403873836 0.98703410804735048 -0.89758683801565242 -0.040616366844253085 0.027554654860989562 -0.90230971202525412 -0.99415475672049769 -0.99241425515886827 0.00051059110230805148 -0.015239336129463115 -0.039739297923840067 -0.96449441157197735 0.039831078458466937 1.8679957630082669 -0.0019523938879143562 -0.88531784261795854 -0.98662962277411803 0.041287806609357984 0.88712647116227761 0.93054490411066559 -0.05250391012279082 0.016289543339617147 0.074776807136935061 0.027831210849274646 -0.019897799455195792 -0.93166685453359355 -0.0043281494876057482 -0.97595499795716889 0.91914805413553347 0.9007785048446405 -0.035992846558698062 -0.92133720148608089 -0.95418914026632151 -0.042141383957556351 0.99861508675000399 -0.93597053183865397 0.94543772099735479 0.86101661852803613 -0.90072939401247643]
C39,dimensiones,ackley,5,20263010,elitismo,200,50,0.8,0.01,2.65357685330616,0.1189887,[0.062742793472278902 0.90519771265998084 -0.90967915875109429 -0.99744818745837716 -0.97582549720544254 0.069133220279713165 0.84031822133604095 0.8821169221698042 -0.033308189545192511 -0.055196226339066963 -0.077729427877814117 0.037133819210412145 -0.045312980339621993 -0.054684943522037462 -0.059819098522512423 -0.051609424062269607 -0.079003309831023133 -0.04599027185922247 0.95316894051354806 0.051141339287441884 0.93924271631411294 0.013736326021973565 -0.02681647432010334 -0.87753507802664454 -0.90393823451565081 -0.020339440350772051 -0.94186925102686536 -0.013236377691313417 0.050601351442745149 -0.013086876119473505 0.96747210678656825 -0.89653863232416797 0.016620790154052767 0.0036742244808166845 -0.97276976580790908 -0.018258177696833529 -0.070037734839970972 -0.077218997193110886 0.87671671706003051 0.95228952961097013 -0.033133789403643428 -0.93715769819703265 -0.019632190408741125 0.87985438265884908 -0.051091189933191027 -0.03929608410514316 -0.038235595202577785 0.0038696940715631468 -0.041910687136175684 -0.87282668350691883]
C40,dimensiones,ackley,1,20263006,elitismo,200,100,0.8,0.01,4.41599422246098,0.1823386,[-0.84760168554251591 0.83302261915453746 -0.10211104668387051 -0.015675477338289508 0.01725737894972023 -1.0488449638121529 0.11193043408321753 0.10502055840420506 -1.64660165598093 0.091393397886301714 1.8624222483055932 -0.044470614503439379 2.0608190465150655 0.11459500827718444 -0.77766343970572516 -0.052392024033608757 -0.15435178711170405 -0.98322477504415373 -0.90852955624822429 0.066697729370408174 -0.9571632975062484 -0.10591930656560858 -0.097970585806251814 -0.037737975685289228 0.13202250124694137 0.89194618760551181 -0.85542717665508983 -0.8824806542966861 -0.018928969775008259 -0.093784751731430832 1.0562650793128057 -1.056742631309598 1.0259037633504315 0.89376612822473234 0.11653663994282254 -1.0763456044752477 0.011356624934396832 0.079957360387124796 -0.091075430108872216 1.1895598872361415 1.785975493122687 -1.845761146744002 1.8919796641597633 0.022014745199620996 0.97613544702250543 -0.13904334206287458 0.82318200721988277 0.89992389873861134 -0.84657505114337328 -0.8366829088843003 0.099146104708916133 -0.0021196533411791882 0.0963911958988284 1.9581422698060933 -1.8819445145729397 -1.0871374866133909 -0.87468790039180178 -0.080509906239157686 -0.89416915485468662 -0.18764176349518713 0.059013915622922714 -0.87889824226505653 -1.0551467888757384 1.032681579699525 1.0229625092380783 -1.9659709447683971 1.0729595779699572 -0.8160544597086804 0.8602512573004909 0.049453757648884919 -1.1660489242282872 1.7135452106004156 -0.10175866124360339 0.39328673558515614 0.91020205856241465 -0.006031178259997042 0.13627749939514924 0.048068193814883524 -2.0038741028199301 -0.095349929122820504 2.8808257229058856 -1.0587339015789765 0.013133254944803378 -0.040617889148458083 1.0301578814472292 -1.9663260850676323 0.017692665497800044 -1.8249323596857829 -0.059841892600378171 -0.90892096587109994 -1.0622822009097335 -1.0190129804669956 0.19045441298185276 1.7544070138859953 0.84063951957766037 -0.11877109962761369 0.013006611764113735 0.07160044646881597 1.0758195277809266 0.04353892855132193]
C40,dimensiones,ackley,2,20263007,elitismo,200,100,0.8,0.01,3.9625169666078,0.181302,[-1.0227905235174626 -0.12345111617306277 -0.96417970095023031 0.88974844242125339 -0.95316218658639673 1.023846058991051 -1.0250459260386351 0.013714833330007892 0.88579325648925333 -0.98343475887711596 -0.21552671704118215 1.8793653686123677 -0.0060964337329860183 -0.84896687848636476 0.017197744270119279 1.0185014434509092 -0.12017381611039832 -0.96686657249219587 -1.1112337033214317 1.0442824764950529 -0.020256121590522588 0.87686013380957906 -0.17502058890682715 0.82868534562300067 0.061081904295561318 0.8060161899051419 0.07017878131981295 0.85039695879166943 0.11389571690885267 0.99520769746086268 1.0005280545711956 -0.13425094547574101 -0.66887818692449841 -0.010510811237989661 -0.88130801220080457 -0.048545195456587135 0.82005440746873526 0.10372499467621105 -0.93478257612577298 -0.041186506213564573 1.0193630360064341 -0.0026495092981584198 -1.1278407849353331 1.9159832761965996 1.0138895702300335 -0.12614743800511896 1.9334118437507311 -0.21025672322292827 -1.1183666791374058 0.85642125232073685 -0.91878112411983281 -0.1459653075927104 -0.82609993688528394 -0.01962716327399934 -0.980512605608585 0.984664501454519 -1.0444493988801622 -0.061339908674191354 -0.78243573956656487 -0.043358225644539221 -0.34534241389485509 0.74668378061742713 -0.24573833233017284 0.087125091248897973 1.0840912552352828 -0.11849998809009794 1.113761727991847 -1.1131843131055923 0.15531079268831388 -0.063298401612061558 0.72817856077780041 0.82345897180341554 -1.0699249000411455 -0.04120265568097748 -0.13109161208323808 0.97801872409209278 -1.0441065898820372 0.9049319082737175 1.0016990188481372 -0.7776263925401492 1.0185542674141597 0.77099709392846982 1.0542391104591855 -0.95528321934112859 -0.066997894219547785 0.89418208134771549 0.76152253664507019 1.0256534412254383 -1.0191721641190632 1.1070458825137184 0.087043712111838534 1.974697677580572 0.86096138284240775 0.06590562381703019 -0.14239924222748568 0.75048320597409834 0.095723599897516665 1.0234064253586894 0.078698283488326817 -1.0111388778001842]
C40,dimensiones,ackley,3,20263008,elitismo,200,100,0.8,0.01,4.1313978539319,0.1692807,[0.85689307864773534 0.8949101114695901 0.97467883196245608 0.87972375168553851 -0.65990390954838507 1.8635856934491613 -0.18920580856578217 0.82602408098403646 0.087322866675002817 0.83487265767143204 0.97457040941395068 -0.071976664412883917 -0.10936840915826071 1.0139672492658109 -0.9249393664870762 0.097463176437562735 0.85887118207921764 0.1077577526975815 0.14919771482381872 0.751302381671904 -0.10058609217105358 1.0398883043613911 -1.9483048736110584 -1.4776619263947 0.016522808677901735 -0.88405284493986847 0.088296659838843716 0.071848069175600326 0.12283335314341852 -1.063964698415387 -0.13481790124493515 0.83612671816410156 0.076056752377474335 -0.84261771643622241 1.0203147248760931 -1.7471836107319048 0.14970579371782275 -0.82399850940683428 1.0102944986657894 0.025029315330063438 0.010054536416517948 0.066203100788926716 1.8765118677509522 0.99611210012214269 0.83939443654093715 -0.85476536063747377 -0.098308250795696522 1.9409738890617079 0.85697539112084042 0.039647182592108032 0.86413058077186977 -1.0127859663922476 1.0088552563687432 1.9666602891827198 0.86546199062600149 0.95805010025859616 0.78024679004745534 1.9869919503193563 0.036641202974023401 -0.93559425445260846 -0.11267758443224382 0.77621811495369464 1.0689487573783405 -0.075466661143253025 0.093764427519358762 -0.11248520640704672 0.018977447254543069 -0.09134645033442676 -0.054893625798049704 -0.010880993929908163 -0.90478955435313935 0.36528033132740556 -0.91999537689174415 0.18094657012898085 0.96116565017671252 0.11197444090231914 -0.78347318511143405 -0.15269535075204893 0.16003798514888187 0.79517756240266813 -0.97860414028586618 -0.12983555116553719 -0.062850665799580027 0.013887447434291225 -0.031172425670381636 -0.15886101223682519 -1.0322804796521787 -0.23142145767496597 -1.0409329394137721 -0.16206784017231018 -1.0289563603847995 0.8071849392934507 -0.1183537869336562 1.802934719624071 0.39751276335179148 -0.13829577289572792 0.088875564187119907 0.94550289638978824 1.9069416496279095 0.1229500362815944]
C40,dimensiones,ackley,4,20263009,elitismo,200,100,0.8,0.01,3.69897306259936,0.1662574,[0.79150262679857142 0.054222988175978828 0.12267567980951893 0.96484271536012078 -0.72126284061777834 -0.73595543323635282 -0.070893463827826755 -0.080619555353124317 -0.10420236443113846 0.09477696719530386 0.1104996315257232 -0.90759643187072458 0.052805400316363361 -0.17175868574751368 -0.017523904703374386 0.86444276443740464 0.10650151268517351 -0.89583478420685902 -0.051508812664458163 0.0070850490536686333 0.10435947490065976 0.10800081061616831 -1.1011170792642437 0.76932209819818509 1.8890313396028886 0.90616059638698332 0.043941434944227011 -0.18440607875252182 -1.0595793991336082 -0.18344220882783033 0.077964046802455042 -0.97670885764403348 0.90703444241500963 0.15943442206005998 -0.072597167132138235 0.0067254393584230288 -1.9886774709813531 1.050679896001016 -0.08664899282064091 1.0142743200708175 0.19196086414424349 0.60345763249575468 -0.18373304489221862 -1.0382134607182885 -0.11999222261742305 0.97417130692943354 -0.14068523146677991 0.18696311611651401 0.14563802505805248 0.056051090083474961 0.092156597959907618 -0.79999153576243842 -0.035210901575112349 -0.12294319401374504 0.83320842933100558 1.5116392124995057 -0.12000569888110879 0.15859002502267516 0.94039297791672838 -0.045266857094524104 0.72865338660094225 -0.97418680381288714 -0.81678119344321054 0.68700175551728393 0.94122807665869401 0.10644438771309485 0.74024825961288776 -0.79479328525742488 0.13753655695858027 -0.14517665513740097 0.069235349088115267 0.083152669241912627 -0.023605056191775328 0.085514740151250476 -0.82924802793657026 0.86819781962249376 0.90208155506112009 0.86958041098091288 1.0936077569258198 -1.0846505332824969 0.91424844434501717 1.0733338759968227 0.14613814256878341 0.12561450431728541 1.128516331601187 -1.8574755651387345 0.0035518197830378528 -0.83920501990388985 -0.068933597268590233 -0.051522968833697037 0.11201512376308803 1.2817974762303344 -0.02973560448249692 -0.88463552405136237 -1.0373904594948673 0.037205718919495791 0.015979579857649091 -1.2062204880801874 0.85155469069741752 0.13132935578597274]
C40,dimensiones,ackley,5,20263010,elitismo,200,100,0.8,0.01,4.06221229159195,0.2109575,[0.1022196313594002 -0.053766089739731932 -1.0390849690907085 -0.80508172248304799 0.1200854159384197 1.0450145388115313 0.18395279472151832 1.0660731517610276 0.13760563616393554 -0.15258146639085904 -0.033279711099722331 0.16260830051042843 -2.0028643114349181 0.11329986930348894 0.025220517503391549 -1.0842405278974301 -0.092633584783745768 0.10807509201519658 1.0680268746301567 1.024166611617177 1.0357745674463166 0.089465432230064049 -0.97396713503081256 0.91060551766568454 -0.78543218445403684 -1.0212855928925078 -0.066950919857282493 0.78433477130323981 1.8131881627340707 0.84422203187822231 -0.10508143964499475 -1.9481823014428614 -0.87618652612130832 -0.045404767337925575 -0.99846951687001417 0.081764348760351782 -0.89042614510429807 -0.065546138432105189 0.99300326857068666 -0.38378963434939806 -0.99005972123618358 -0.073927651148576273 -1.0563287732421225 1.7971134133399311 -1.0064278409513274 -0.96243552511136843 0.69834971519833866 -0.11343684317939756 -0.89503448765385041 -0.93571263731052978 -0.087868350013607474 0.16075409645145 -0.12285547598695415 0.057408880942488735 -2.0569403940694904 -0.0063248450195426452 0.14661109772914682 -0.91545741258260127 -0.7866996232178306 -0.14641608268299799 -0.83095257688773028 0.11530717131696251 -0.026420772480386705 -0.69801246276600881 0.7701246132279369 -0.19183265856543474 0.89461052627654436 -0.13339796547056038 -0.082421785064050082 -0.11797925075320372 0.04048287020440515 -0.088737638613584593 1.0144894866391008 -0.045714755186688077 -1.0395747359363943 0.58797924636907872 0.69248778718446957 -0.99708153823158852 -0.86238948340583843 1.0143443998077419 0.10858189167710024 -0.95973330444523397 -1.0337140047393594 0.021341123022859558 1.0239522531503582 0.79815550253568979 0.8704495943106163 0.85815344700039409 1.0745641269935815 -0.14592733422213713 0.86408883742386411 -0.10671396365777228 0.09242731675306734 0.97740654215933553 -0.042942597370944233 -1.9548091509825336 -1.977558550136467 -0.070006780306801145 1.7711060459931089 -0.81490099777079505]
C41,seleccion,inventario,1,20264006,elitismo,100,3,0.2,0.05,340.667615013419,0.328042,[111.43144480609286 3561.3377539020316 2943.7792460718078 1511.5233778437544 17.317437032642111 968.55509190041118 0 800 1500 500 2000 5000 1500 3000]
C41,seleccion,inventario,2,20264007,elitismo,100,3,0.2,0.05,336.964379617444,0.2784816,[18.237914956540756 3194.8961081104585 2996.9543119040268 1344.8155986513927 86.598295797665116 1200 0 800 1500 500 2000 5000 1500 3000]
C41,seleccion,inventario,3,20264008,elitismo,100,3,0.2,0.05,340.992434546183,0.2606786,[82.498823490742197 3804.1795290745804 3005.7851788255193 1352.7345238368846 39.01494643152683 873.20052021194533 0 800 1500 500 2000 5000 1500 3000]
C41,seleccion,inventario,4,20264009,elitismo,100,3,0.2,0.05,336.329282305401,0.2467719,[117.93757714073526 3196.1540309095908 3111.7471882583031 1360.9743912559702 29.311238687853447 1200 0 800 1490.6205060202492 500 2000 5000 1500 3000]
C41,seleccion,inventario,5,20264010,elitismo,100,3,0.2,0.05,337.401159937891,0.2345206,[30.898712975007172 2916.2685205905168 3053.1331251086112 1472.5253942053387 76.604164855281695 1200 0 800 1500 497.48984628748798 2000 5000 1500 3000]
C42,seleccion,inventario,1,20264006,torneo,100,3,0.2,0.05,337.399808515568,0.2694983,[34.365281326559625 3336.6697354392113 3161.6943095467082 1294.7496655541374 63.831254977095682 1070.0781208242302 0 800 1484.6842800288211 500 2000 5000 1500 3000]
C42,seleccion,inventario,2,20264007,torneo,100,3,0.2,0.05,341.101144377199,0.267146,[186.27790868520987 3524.6398457452037 3247.1785209822965 1376.7927854247928 5.9584098377913257 883.83547476120532 0 800 1489.3265082348953 500 2000 5000 1500 3000]
C42,seleccion,inventario,3,20264008,torneo,100,3,0.2,0.05,338.774287332833,0.2660779,[42.190944182532562 3510.1891156141282 3228.0357722330382 1357.0593401203328 63.296525315791172 982.86439591478256 0 800 1466.5023065203416 500 2000 5000 1500 3000]
C42,seleccion,inventario,4,20264009,torneo,100,3,0.2,0.05,350.960907491423,0.2842049,[91.455180286383154 3595.9637578048719 2908.0875227032216 1934.0351355428668 82.577050755873785 840.16650540179046 0 714.44351757155664 1426.7788613564182 500 2000 5000 1500 3000]
C42,seleccion,inventario,5,20264010,torneo,100,3,0.2,0.05,342.719490994958,0.2682771,[95.182169742151359 3870.1681525146223 3370.3430760592632 1415.3490664831661 25.580652885203307 638.79986902443 0 800 1500 500 2000 5000 1500 3000]
C43,seleccion,inventario,1,20264006,ruleta,100,3,0.2,0.05,406.870123514925,0.2571346,[221.6839235804041 3928.8121953890982 2849.4097549664771 1461.9524038555785 60.932858435241073 134.46416424073848 665.2940260848178 679.60507414181154 1125.749118928881 436.34228011240373 1815.0205785657374 5000 1487.8606437493154 3000]
C43,seleccion,inventario,2,20264007,ruleta,100,3,0.2,0.05,402.376527262309,0.2418619,[208.83964038903059 2557.7883903107149 3445.9539957837515 1595.8185916345578 121.23980159196002 1094.8243256284682 79.977151339474531 535.73807038620953 1129.2214158416195 299.91049195044741 2000 4956.9704333968702 1490.3231883551136 2881.170910655745]
C43,seleccion,inventario,3,20264008,ruleta,100,3,0.2,0.05,508.269446769924,0.2447485,[174.82658683116915 4002.6865040855914 1808.5399301384034 1976.1320688975418 117.67056678994612 820.8788102197758 681.15971002593676 468.53899634219988 676.09774417379481 339.44609666634352 1834.6045524346523 4897.3162622968948 1227.6704056870549 2779.5556648388297]
C43,seleccion,inventario,4,20264009,ruleta,100,3,0.2,0.05,532.732931310284,0.2702733,[520.94196207602329 2803.6172007353866 3010.8953045051176 1839.0604675095428 61.508448310344498 474.00375375841293 231.27325656959769 762.5649393272015 1283.5434291718348 336.44040607491957 1826.8154255180059 4729.914112396089 1054.981230625086 2470.0567391710219]
C43,seleccion,inventario,5,20264010,ruleta,100,3,0.2,0.05,422.105367579872,0.2598251,[340.25111475451354 2432.8284040587041 3015.7186421246706 1693.3033350797839 40.166950171846615 848.2762971208947 403.66146600925856 730.27275687911515 1370.0914647637146 495.79097827582444 2000 4933.0078804786726 1345.6011596098067 2776.6588506994967]
C44,iteraciones,inventario,1,20264006,elitismo,10,3,0.2,0.05,441.055505392998,0.024688,[407.68807752892388 3927.0156779270897 2849.4097549664771 1846.9128791955229 53.19373376235017 180.11402511555721 618.80691143723914 639.73070466780518 958.15807964427017 476.71144928840749 1688.4467000135987 4718.5363984062324 1470.256476457504 2953.9232775276164]
C44,iteraciones,inventario,2,20264007,elitismo,10,3,0.2,0.05,536.04391007493,0.0272164,[1327.6486011410777 2578.0800923417873 4544.4525966030151 1476.1959281906179 114.63559496604205 175.34878699280566 221.01531832436265 776.55963986642689 1004.5042167422888 379.10107206188951 1881.6061045015881 4470.7142798989953 1347.2648400884607 2881.170910655745]
C44,iteraciones,inventario,3,20264008,elitismo,10,3,0.2,0.05,514.663188499857,0.0299191,[336.05873273789717 2938.2341304516044 1833.9497027171171 1683.9796189558724 172.98375440913162 734.40199089947669 1253.7078925749242 428.25649128878308 1475.2532418932267 339.44609666634352 1896.8187457795671 4934.2393226460754 1303.5261414916304 2687.2409797261935]
C44,iteraciones,inventario,4,20264009,elitismo,10,3,0.2,0.05,482.508574089064,0.0265399,[215.05477929199643 2430.9422743497053 2908.0875227032216 3099.3258888365067 21.253145584177858 901.13841989033733 354.55378583936636 263.0977287626319 816.22288106945734 363.27824085295248 1973.7731777606816 4729.914112396089 1357.6958097914621 2917.5662829979656]
C44,iteraciones,inventario,5,20264010,elitismo,10,3,0.2,0.05,511.796999156953,0.0257616,[138.5775483105491 3870.1681525146223 2674.1111957738203 1792.9446939537911 54.713740045462544 433.7387092895666 232.38023105469964 721.7722304137975 866.40116381908149 358.02555077810416 1919.3709262137741 4612.2318758526244 1080.7522184675145 2642.735928566954]
C45,iteraciones,inventario,1,20264006,elitismo,20,3,0.2,0.05,395.337667732774,0.0604971,[407.68807752892388 4160.0045767627762 2849.4097549664771 1611.995320816764 53.19373376235017 180.11402511555721 342.42172754726545 678.787511340636 1415.3759412069433 476.71144928840749 1829.9774552256304 4901.7634327731839 1487.8606437493154 3000]
C45,iteraciones,inventario,2,20264007,elitismo,20,3,0.2,0.05,409.75512522115,0.0527299,[152.22225910084569 3340.4175661481254 2504.5817071997408 2009.3863627942255 117.60870732343555 1070.7354145623046 394.32114606269397 672.85249562031106 1084.8682482605093 381.0261702235602 2000 5000 1456.7250702394383 2835.2780470902362]
C45,iteraciones,inventario,3,20264008,elitismo,20,3,0.2,0.05,436.98147952356,0.0518386,[336.05873273789717 2938.2341304516044 2323.7126373577426 1683.9796189558724 160.14478811632617 740.28427905896774 174.13748217032315 783.58252563357519 1475.2532418932267 471.70134548513329 1896.8187457795671 4934.2393226460754 1303.5261414916304 2818.7577043064953]
C45,iteraciones,inventario,4,20264009,elitismo,20,3,0.2,0.05,391.989659551562,0.0521034,[215.05477929199643 2430.9422743497053 2908.0875227032216 2182.6673114378646 60.727820496366867 1173.9730983096085 354.55378583936636 597.99770360146113 1189.5903298852147 461.33093832937681 1973.7731777606816 5000 1459.8140276037529 2917.5662829979656]
C45,iteraciones,inventario,5,20264010,elitismo,20,3,0.2,0.05,423.631858202018,0.0459693,[262.60038938070733 2804.518440290733 3053.1331251086112 1634.4274610356963 198.55547846086523 881.6260787818004 101.3236632316783 721.7722304137975 1098.9384074082964 326.44468823964638 1990.8195418595931 4933.0078804786726 1403.3350955409269 2642.735928566954]
C46,iteraciones,inventario,1,20264006,elitismo,30,3,0.2,0.05,367.683580837667,0.0712763,[407.68807752892388 3927.0156779270897 2849.4097549664771 1611.995320816764 53.19373376235017 902.70434150102733 0 678.787511340636 1415.3759412069433 476.71144928840749 2000 4901.7634327731839 1487.8606437493154 3000]
C46,iteraciones,inventario,2,20264007,elitismo,30,3,0.2,0.05,378.091217896106,0.0710611,[152.22225910084569 3340.4175661481254 2504.5817071997408 2009.3863627942255 117.60870732343555 1077.0065776633735 10.361688629209331 672.85249562031106 1084.8682482605093 381.0261702235602 2000 5000 1456.7250702394383 2951.8070140871114]
C46,iteraciones,inventario,3,20264008,elitismo,30,3,0.2,0.05,386.521174315315,0.070735,[82.498823490742197 3324.2764190274793 2694.3582517822474 1683.9796189558724 140.12514506528069 740.28427905896774 15.827611552940056 783.58252563357519 1500 471.70134548513329 1896.8187457795671 5000 1453.4053648025217 2818.7577043064953]
C46,iteraciones,inventario,4,20264009,elitismo,30,3,0.2,0.05,356.086269814874,0.0718351,[215.05477929199643 2716.0451334778763 2908.0875227032216 1701.1917154188061 60.727820496366867 1173.9730983096085 95.858739786736493 750.11438936663126 1332.5909261053077 461.33093832937681 1973.7731777606816 5000 1500 3000]
C46,iteraciones,inventario,5,20264010,elitismo,30,3,0.2,0.05,383.947487466867,0.0757627,[262.60038938070733 2804.518440290733 3620.7828338982122 1693.3033350797839 128.62519302244922 895.1378372284795 101.3236632316783 721.7722304137975 1098.9384074082964 326.44468823964638 1990.8195418595931 4933.0078804786726 1458.4429979591951 3000]
C47,iteraciones,inventario,1,20264006,elitismo,50,3,0.2,0.05,347.876385088567,0.1292585,[164.22159745219915 3690.392087508832 2849.4097549664771 1611.995320816764 53.19373376235017 902.70434150102733 0 736.06561758954911 1415.3759412069433 500 2000 5000 1500 3000]
C47,iteraciones,inventario,2,20264007,elitismo,50,3,0.2,0.05,348.938994335124,0.1261337,[152.22225910084569 3340.4175661481254 2996.9543119040268 1517.8041111050729 117.60870732343555 1165.165095612108 10.361688629209331 728.40259490300627 1369.3842392451386 435.94077191087558 2000 5000 1500 3000]
C47,iteraciones,inventario,3,20264008,elitismo,50,3,0.2,0.05,352.212004400819,0.1245563,[82.498823490742197 3988.0371373942253 2694.3582517822474 1683.9796189558724 41.157939432431888 756.06125212076813 15.827611552940056 800 1488.4633760470781 492.80601922820716 1967.7378128040652 5000 1500 3000]
C47,iteraciones,inventario,4,20264009,elitismo,50,3,0.2,0.05,344.707590616463,0.1167632,[125.89293537915242 3142.6070183385955 2908.0875227032216 1595.1723831428474 46.870811890720354 1173.9730983096085 81.472308618616864 750.11438936663126 1409.6476880093451 476.49795775055225 2000 5000 1500 3000]
C47,iteraciones,inventario,5,20264010,elitismo,50,3,0.2,0.05,351.479549371657,0.1290886,[153.66470162653232 2916.2685205905168 3053.1331251086112 1634.4274610356963 128.62519302244922 1123.9581029821143 0 721.7722304137975 1367.2242257787154 393.41244237031265 2000 5000 1500 3000]
C48,iteraciones,inventario,1,20264006,elitismo,100,3,0.2,0.05,340.667615013419,0.2326244,[111.43144480609286 3561.3377539020316 2943.7792460718078 1511.5233778437544 17.317437032642111 968.55509190041118 0 800 1500 500 2000 5000 1500 3000]
C48,iteraciones,inventario,2,20264007,elitismo,100,3,0.2,0.05,336.964379617444,0.2260168,[18.237914956540756 3194.8961081104585 2996.9543119040268 1344.8155986513927 86.598295797665116 1200 0 800 1500 500 2000 5000 1500 3000]
C48,iteraciones,inventario,3,20264008,elitismo,100,3,0.2,0.05,340.992434546183,0.2285732,[82.498823490742197 3804.1795290745804 3005.7851788255193 1352.7345238368846 39.01494643152683 873.20052021194533 0 800 1500 500 2000 5000 1500 3000]
C48,iteraciones,inventario,4,20264009,elitismo,100,3,0.2,0.05,336.329282305401,0.239127,[117.93757714073526 3196.1540309095908 3111.7471882583031 1360.9743912559702 29.311238687853447 1200 0 800 1490.6205060202492 500 2000 5000 1500 3000]
C48,iteraciones,inventario,5,20264010,elitismo,100,3,0.2,0.05,337.401159937891,0.2459021,[30.898712975007172 2916.2685205905168 3053.1331251086112 1472.5253942053387 76.604164855281695 1200 0 800 1500 497.48984628748798 2000 5000 1500 3000]
C49,iteraciones,inventario,1,20264006,elitismo,150,3,0.2,0.05,339.150763781045,0.3621623,[111.43144480609286 3510.0746444929205 2943.7792460718078 1431.1541752507565 17.721613062635505 1077.8200223041706 0 800 1500 500 2000 5000 1500 3000]
C49,iteraciones,inventario,2,20264007,elitismo,150,3,0.2,0.05,335.694369290331,0.3516061,[43.72546676003801 3183.3007876263241 3036.6973061428071 1344.8155986513927 56.225876368022028 1200 0 800 1500 500 2000 5000 1500 3000]
C49,iteraciones,inventario,3,20264008,elitismo,150,3,0.2,0.05,338.967461766656,0.3826519,[82.498823490742197 3618.6934003756014 3054.7480271579116 1345.8927793913367 35.824300063860484 991.43545221534009 0 800 1500 500 2000 5000 1500 3000]
C49,iteraciones,inventario,4,20264009,elitismo,150,3,0.2,0.05,335.160174441345,0.3505962,[74.698969777601747 3064.0610321826293 3176.9375891536483 1360.9743912559702 32.307676370136399 1200 0 800 1500 500 2000 5000 1500 3000]
C49,iteraciones,inventario,5,20264010,elitismo,150,3,0.2,0.05,335.603909328384,0.3571269,[30.898712975007172 3060.2022713093156 3159.5925753271135 1324.5401166735392 68.964308312670454 1200 0 800 1500 500 2000 5000 1500 3000]
C50,iteraciones,inventario,1,20264006,elitismo,200,3,0.2,0.05,338.36979264806,0.462385,[84.137998678774181 3510.0746444929205 3028.1308375043859 1390.3199630365013 29.06144664523984 1077.8200223041706 0 800 1471.7515815472966 500 2000 5000 1500 3000]
C50,iteraciones,inventario,2,20264007,elitismo,200,3,0.2,0.05,335.547583069297,0.4737604,[43.72546676003801 3183.3007876263241 3077.2105767125972 1338.9476381829754 52.505812326915773 1200 0 800 1500 500 2000 5000 1500 3000]
C50,iteraciones,inventario,3,20264008,elitismo,200,3,0.2,0.05,337.327778569118,0.4682454,[82.498823490742197 3379.3597231952194 3115.2615263661933 1345.8927793913367 33.564821795268834 1052.979621191286 0 800 1500 500 2000 5000 1500 3000]
C50,iteraciones,inventario,4,20264009,elitismo,200,3,0.2,0.05,335.0750798642,0.4824535,[74.698969777601747 3096.9730973903424 3176.9375891536483 1308.8737864442426 35.918304613656169 1200 0 800 1500 500 2000 5000 1500 3000]
C50,iteraciones,inventario,5,20264010,elitismo,200,3,0.2,0.05,335.582532731294,0.4816635,[30.898712975007172 3079.437190851334 3159.5925753271135 1324.5401166735392 67.893827543330275 1200 0 800 1500 500 2000 5000 1500 3000]
C51,mutacion,inventario,1,20264006,elitismo,50,3,0,0.05,393.065406350124,0.120953,[407.68807752892388 3514.7556946758673 3021.3931533149662 1410.1889291267355 55.896127013674658 902.70434150102733 237.23886235534508 709.28685789067322 1033.4132319905329 476.71144928840749 1829.9774552256304 4901.7634327731839 1487.8606437493154 2953.9232775276164]
C51,mutacion,inventario,2,20264007,elitismo,50,3,0,0.05,387.884072005095,0.1258272,[369.06034949551264 3737.3363857961394 3726.0966172384883 1476.1959281906179 49.017421337030534 466.06619362831219 10.361688629209331 776.55963986642689 1129.2214158416195 482.25223534863835 1968.9978439318215 4800.6014181413439 1456.7250702394383 2881.170910655745]
C51,mutacion,inventario,3,20264008,elitismo,50,3,0,0.05,387.018889674614,0.1240443,[82.498823490742197 3239.0962801343521 3248.0315584257141 1592.9462072173289 66.501994493948359 931.34211995774638 86.225339252399834 798.71006462931723 1165.6697637323566 493.67526372744726 1941.1192303130908 4721.8766682282831 1453.4053648025217 2818.7577043064953]
C51,mutacion,inventario,4,20264009,elitismo,50,3,0,0.05,399.56210871094,0.1138343,[535.3430958008903 3093.7612236979212 2640.0539371162267 1668.2488027572979 18.407828250071056 901.13841989033733 231.27325656959769 732.73104714050635 1393.9292568823371 453.96531271001481 1973.7731777606816 4883.4494840394536 1364.3626696519832 2917.5662829979656]
C51,mutacion,inventario,5,20264010,elitismo,50,3,0,0.05,413.747458513024,0.1129485,[138.5775483105491 2528.0309002357667 3286.1794806362677 1614.6667223700592 66.046253477223573 904.18313379162464 101.3236632316783 597.70622343270827 1476.784953862787 469.16506107059871 1985.7574057816553 4933.0078804786726 1365.4824897076787 2744.4887694739141]
C52,mutacion,inventario,1,20264006,elitismo,50,3,0.05,0.01,360.644322627128,0.1129447,[137.36220966493758 4160.0045767627762 3456.9392687168897 1300.2329977895927 84.472038991975367 409.37528083332847 0 795.76064445432246 1424.3088202670203 422.91389515198631 1964.6662051126091 4960.6161383573144 1497.1558284653038 2953.9232775276164]
C52,mutacion,inventario,2,20264007,elitismo,50,3,0.05,0.01,376.970633441095,0.1104446,[579.41356847978022 3553.4916529748598 2704.8236670801407 1387.4216473027016 47.723924460273594 1047.7297843916128 10.361688629209331 776.55963986642689 1140.6835317864707 379.10107206188951 1968.9978439318215 5000 1473.9799238616088 2968.4886659353269]
C52,mutacion,inventario,3,20264008,elitismo,50,3,0.05,0.01,383.068129986944,0.1161748,[82.498823490742197 3935.9401560032416 3107.2553366406919 1592.9462072173289 47.932035011817156 929.05636576747054 0 710.47408687528014 1057.566227026598 480.22509311602715 1967.7378128040652 4734.6622574900084 1467.4217061925899 2863.6756243984164]
C52,mutacion,inventario,4,20264009,elitismo,50,3,0.05,0.01,377.471972022852,0.1195072,[178.1466000638967 3093.7612236979212 2718.6153958440009 1795.068365020702 135.78163842871606 1100.5733489476393 126.58245240129263 641.99387275091829 1393.9292568823371 363.27824085295248 1998.8093591153784 4715.3266265138518 1493.9187999255603 2994.3137073099469]
C52,mutacion,inventario,5,20264010,elitismo,50,3,0.05,0.01,373.793554100081,0.1192815,[31.228798165728236 3155.3414641931395 2904.5749950794548 1693.3033350797839 80.296413049293818 1163.0687663672245 72.139465340180109 604.14968152370739 1397.8621317425984 469.16506107059871 1937.7926939485492 4933.0078804786726 1463.030970552825 2868.4952727875639]
C53,mutacion,inventario,1,20264006,elitismo,50,3,0.05,0.05,359.439566007935,0.1116103,[137.08031580623606 3927.0156779270897 3456.9392687168897 1442.7574782644463 84.472038991975367 666.06237621272942 12.764679451021943 800 1033.4132319905329 476.71144928840749 2000 5000 1487.8606437493154 2953.9232775276164]
C53,mutacion,inventario,2,20264007,elitismo,50,3,0.05,0.05,373.561778243458,0.1203124,[579.41356847978022 3682.4564554021335 2704.8236670801407 1527.2646837301975 95.833244365482201 812.73628225385914 52.119019831339472 776.55963986642689 1129.2214158416195 379.45864810799253 1997.633135943229 5000 1500 3000]
C53,mutacion,inventario,3,20264008,elitismo,50,3,0.05,0.05,366.082698131602,0.1204437,[82.498823490742197 3239.0962801343521 3282.1647777381681 1349.6762641609787 86.682465678800909 929.05636576747054 8.2458016401670839 798.71006462931723 1192.4403732540293 500 2000 4721.8766682282831 1496.7217043649487 2909.0251341387393]
C53,mutacion,inventario,4,20264009,elitismo,50,3,0.05,0.05,369.116564397006,0.1118588,[215.57336711034893 3039.2758653825126 3060.0140226653375 1668.2488027572979 69.880347571739435 1100.5733489476393 126.58245240129263 691.92943145427421 1393.9292568823371 398.23064602611055 2000 4729.914112396089 1500 3000]
C53,mutacion,inventario,5,20264010,elitismo,50,3,0.05,0.05,373.272408028595,0.1144754,[153.66470162653232 2699.2712096451269 2826.0401645357711 1693.3033350797839 40.166950171846615 1163.0687663672245 0 759.32359365925117 1476.784953862787 469.16506107059871 2000 4933.0078804786726 1496.1607212431334 2740.0097398994458]
C54,mutacion,inventario,1,20264006,elitismo,50,3,0.2,0.01,356.678546656923,0.1215575,[81.900590555357496 3927.0156779270897 3052.7774106002557 1442.7574782644463 78.492945822725048 902.70434150102733 12.764679451021943 655.22526497094884 1399.9825150532449 453.73672571595392 1931.434718912612 4997.6050568376168 1498.6278706015623 3000]
C54,mutacion,inventario,2,20264007,elitismo,50,3,0.2,0.01,372.825801039248,0.1255076,[153.02373639963304 4211.0864752649486 3726.0966172384883 1469.7009985299774 95.833244365482201 322.59060977154735 10.361688629209331 728.40259490300627 1134.1706325549815 377.68038222483926 1989.640380923154 4993.8414538744191 1490.6517620932827 2949.3312748613907]
C54,mutacion,inventario,3,20264008,elitismo,50,3,0.2,0.01,386.621132517436,0.1243375,[82.498823490742197 4002.6865040855914 2652.7095908776155 1592.9462072173289 70.3969037209513 648.5159072270468 167.94176448582581 783.58252563357519 1475.2532418932267 499.53011873233913 1986.3306305417532 4783.2479705440528 1411.6008116477897 2856.3125680796065]
C54,mutacion,inventario,4,20264009,elitismo,50,3,0.2,0.01,354.182567796556,0.1197775,[56.056129949273512 3093.7612236979212 2908.0875227032216 1590.3820157065923 78.240282386247898 1151.1534001909483 168.5272980776154 755.59210884010065 1196.7602357223986 464.36434221361191 2000 5000 1459.8140276037529 2999.9967943280935]
C54,mutacion,inventario,5,20264010,elitismo,50,3,0.2,0.01,376.962526799629,0.1167474,[84.083979297405378 3761.5520678055068 2674.1111957738203 1591.9400626019312 54.713740045462544 888.4964477453957 44.077528494946449 691.17501081073544 1397.8621317425984 469.16506107059871 1957.9159759845074 5000 1481.0354950285125 2778.742814612785]
C55,mutacion,inventario,1,20264006,elitismo,50,3,0.2,0.05,347.876385088567,0.1241594,[164.22159745219915 3690.392087508832 2849.4097549664771 1611.995320816764 53.19373376235017 902.70434150102733 0 736.06561758954911 1415.3759412069433 500 2000 5000 1500 3000]
C55,mutacion,inventario,2,20264007,elitismo,50,3,0.2,0.05,348.938994335124,0.1246397,[152.22225910084569 3340.4175661481254 2996.9543119040268 1517.8041111050729 117.60870732343555 1165.165095612108 10.361688629209331 728.40259490300627 1369.3842392451386 435.94077191087558 2000 5000 1500 3000]
C55,mutacion,inventario,3,20264008,elitismo,50,3,0.2,0.05,352.212004400819,0.130365,[82.498823490742197 3988.0371373942253 2694.3582517822474 1683.9796189558724 41.157939432431888 756.06125212076813 15.827611552940056 800 1488.4633760470781 492.80601922820716 1967.7378128040652 5000 1500 3000]
C55,mutacion,inventario,4,20264009,elitismo,50,3,0.2,0.05,344.707590616463,0.1328197,[125.89293537915242 3142.6070183385955 2908.0875227032216 1595.1723831428474 46.870811890720354 1173.9730983096085 81.472308618616864 750.11438936663126 1409.6476880093451 476.49795775055225 2000 5000 1500 3000]
C55,mutacion,inventario,5,20264010,elitismo,50,3,0.2,0.05,351.479549371657,0.1317423,[153.66470162653232 2916.2685205905168 3053.1331251086112 1634.4274610356963 128.62519302244922 1123.9581029821143 0 721.7722304137975 1367.2242257787154 393.41244237031265 2000 5000 1500 3000]
C56,mutacion,inventario,1,20264006,elitismo,50,3,0.5,0.01,356.777568844846,0.1386709,[68.323241465234133 3514.7556946758673 3264.2888730361783 1415.1920215571863 95.456373644235001 1065.7241410036688 25.382386162806853 732.82469253701731 1052.1459175369503 453.73672571595392 1939.9016013406688 4959.4807422928398 1500 2997.5923860643484]
C56,mutacion,inventario,2,20264007,elitismo,50,3,0.5,0.01,365.269437311473,0.1456776,[157.0695419570211 3682.4564554021335 3462.1599052509205 1476.1959281906179 114.63559496604205 664.43315245318183 19.39555137263504 776.55963986642689 1157.6979154872004 376.70237726737395 1982.047912167616 4866.8327442481987 1500 3000]
C56,mutacion,inventario,3,20264008,elitismo,50,3,0.5,0.01,346.179268881716,0.1354494,[47.211357576449657 3239.0962801343521 2769.0878532232605 1612.7042849146048 67.050985993175075 1176.9376041324304 11.286500737862195 800 1430.7826445552078 493.27667797542273 1994.8222075378649 5000 1453.4053648025217 3000]
C56,mutacion,inventario,4,20264009,elitismo,50,3,0.5,0.01,353.526815761291,0.1456468,[85.016794171631688 3400.8878337794608 2937.5018384524378 1893.6575576374591 26.498186116376267 874.33810043104825 161.53337351870192 693.95644929651098 1393.9292568823371 500 2000 5000 1494.3391643580453 3000]
C56,mutacion,inventario,5,20264010,elitismo,50,3,0.5,0.01,358.627701716297,0.1316392,[25.254698687556914 2781.2674685364955 2944.9185795683907 1689.967071320614 134.87076269201557 1163.0687663672245 92.24703777553394 752.37377034346514 1397.8621317425984 444.29048424313282 1994.5273908275783 5000 1418.0600451732987 3000]
C57,mutacion,inventario,1,20264006,elitismo,50,3,0.5,0.05,343.463358910414,0.1301616,[59.839136360073667 3927.0156779270897 2849.4097549664771 1335.604861364186 58.104774741932793 902.70434150102733 0 800 1477.4409000576456 494.47162780000735 2000 5000 1500 3000]
C57,mutacion,inventario,2,20264007,elitismo,50,3,0.5,0.05,349.843410137487,0.1297296,[169.00135880906771 3453.196950036338 3673.2329839039771 1462.6660972509562 9.2491301295880763 875.06895367533025 0 800 1019.4374181255855 500 2000 5000 1500 3000]
C57,mutacion,inventario,3,20264008,elitismo,50,3,0.5,0.05,352.792583373622,0.1521653,[70.752987630156355 4002.6865040855914 3007.6909420134662 1538.4171400511066 69.161133748853743 434.24724622023109 149.67918343478681 785.24369940646579 1475.2532418932267 500 2000 5000 1500 3000]
C57,mutacion,inventario,4,20264009,elitismo,50,3,0.5,0.05,343.280480052492,0.1359537,[120.78147566468787 3595.9637578048719 3296.329239586888 1222.4309981364279 56.015254416497115 998.88786059999018 0 775.15363394805831 1287.6128592020391 497.95103581130888 2000 5000 1500 3000]
C57,mutacion,inventario,5,20264010,elitismo,50,3,0.5,0.05,337.877198759138,0.1239815,[59.848308872635648 3197.2170980446917 3309.1737048459822 1221.5927766269442 67.412160801000852 1163.0687663672245 0 800 1397.8621317425984 484.85764190465835 2000 5000 1500 3000]
C58,mutacion,inventario,1,20264006,elitismo,50,3,0.8,0.01,354.636571908505,0.1337907,[101.29367370201888 3896.2611175390575 3126.3428155128149 1541.4656629997978 108.47659546688098 745.09531458021036 0 800 1049.3776734776764 435.58542818782723 1994.8395799974455 5000 1500 3000]
C58,mutacion,inventario,2,20264007,elitismo,50,3,0.8,0.01,361.036335639598,0.143459,[140.6687675887124 3737.3363857961394 3326.3407655285469 1594.3132755927004 43.932951419473412 660.74061379969817 10.361688629209331 687.59421594300147 1497.9492545506914 452.53661549825836 1944.6387536219522 5000 1495.62358072743 2938.2650312415731]
C58,mutacion,inventario,3,20264008,elitismo,50,3,0.8,0.01,357.061955200952,0.1322461,[31.728307932986169 3338.1978567584824 2729.3693228798434 1650.994106853522 90.337214070140533 942.70176790627136 83.18745379580885 767.20234611031185 1457.8245053237531 470.031961978921 1965.1190398445349 4999.8450252025768 1490.6122006130931 2971.4084870038992]
C58,mutacion,inventario,4,20264009,elitismo,50,3,0.8,0.01,350.299405888244,0.127634,[119.53516476542517 3154.14388165319 2885.4623355209801 1480.3904127469971 34.47751066515962 1128.335444835029 231.27325656959769 701.97850189169321 1486.6068624845507 496.06915882933475 2000 5000 1495.6249431291983 2988.2535108648212]
C58,mutacion,inventario,5,20264010,elitismo,50,3,0.8,0.01,373.437908848731,0.1246663,[25.598686135498802 4424.8376595990512 3399.8276168627558 1845.604519630697 51.496087842553479 196.03709785536768 101.3236632316783 587.72378744076025 1500 496.45212489406487 2000 4902.562415693038 1445.1684950770555 2957.2039234219765]
C59,mutacion,inventario,1,20264006,elitismo,50,3,0.8,0.05,344.330788817603,0.1277616,[71.853620219276308 3618.9804037621066 3254.8335984461887 1509.3789927077335 65.391585617058595 666.06237621272942 0 800 1500 500 2000 5000 1500 3000]
C59,mutacion,inventario,2,20264007,elitismo,50,3,0.8,0.05,348.728562317548,0.1253299,[57.280936060146132 3807.3462706462878 3288.1521894778689 1260.3543143134573 157.52911797140044 651.84310698995523 0 800 1469.2691778794062 447.42264515941685 2000 5000 1500 3000]
C59,mutacion,inventario,3,20264008,elitismo,50,3,0.8,0.05,342.564302761011,0.1334295,[158.44277584960432 3450.4310725862383 3158.5968371459221 1414.4647164881569 23.966949062963206 1036.2082753882441 8.2458016401670839 763.97077199127 1475.2532418932267 474.27722278384135 2000 5000 1500 3000]
C59,mutacion,inventario,4,20264009,elitismo,50,3,0.8,0.05,345.321629404872,0.1335048,[84.926272576130586 3153.7127442000383 3185.2635667654149 1595.1723831428474 32.422166762984467 958.89696454835484 79.604469589082299 726.39310162733454 1479.4033856952228 500 2000 5000 1498.970830781434 3000]
C59,mutacion,inventario,5,20264010,elitismo,50,3,0.8,0.05,340.780032015617,0.137618,[101.70172556076841 3401.0693181528982 3108.4612203764518 1269.9930918505054 53.397986333607527 1174.8371591150958 0 786.05472756142876 1215.4337774962607 500 2000 5000 1500 3000]
