id,estudio,problema,seleccion,iteraciones,dimensiones,pm,magnitud,pruebas,tiempo_medio_s,tiempo_desviacion_s,mejor,media,desviacion,rmse,individuo
C51,mutacion,inventario,elitismo,50,3,0,0.05,5,0.11952146,0.005869738865827,387.018889674614,396.255587050759,10.9826539167753,NaN,[82.498823490742197 3239.0962801343521 3248.0315584257141 1592.9462072173289 66.501994493948359 931.34211995774638 86.225339252399834 798.71006462931723 1165.6697637323566 493.67526372744726 1941.1192303130908 4721.8766682282831 1453.4053648025217 2818.7577043064953]
C52,mutacion,inventario,elitismo,50,3,0.05,0.01,5,0.11567056,0.00396086868035283,360.644322627128,374.38972243562,8.3780599535729,NaN,[137.36220966493758 4160.0045767627762 3456.9392687168897 1300.2329977895927 84.472038991975367 409.37528083332847 0 795.76064445432246 1424.3088202670203 422.91389515198631 1964.6662051126091 4960.6161383573144 1497.1558284653038 2953.9232775276164]
C53,mutacion,inventario,elitismo,50,3,0.05,0.05,5,0.11574012,0.00438032487573696,359.439566007935,368.294602961719,5.84169285746561,NaN,[137.08031580623606 3927.0156779270897 3456.9392687168897 1442.7574782644463 84.472038991975367 666.06237621272942 12.764679451021943 800 1033.4132319905329 476.71144928840749 2000 5000 1487.8606437493154 2953.9232775276164]
C54,mutacion,inventario,elitismo,50,3,0.2,0.01,5,0.1215855,0.00352254283224491,354.182567796556,369.454114961958,13.7739455623623,NaN,[56.056129949273512 3093.7612236979212 2908.0875227032216 1590.3820157065923 78.240282386247898 1151.1534001909483 168.5272980776154 755.59210884010065 1196.7602357223986 464.36434221361191 2000 5000 1459.8140276037529 2999.9967943280935]
C55,mutacion,inventario,elitismo,50,3,0.2,0.05,5,0.12874522,0.00406486785111152,344.707590616463,349.042904762526,3.00611642074742,NaN,[125.89293537915242 3142.6070183385955 2908.0875227032216 1595.1723831428474 46.870811890720354 1173.9730983096085 81.472308618616864 750.11438936663126 1409.6476880093451 476.49795775055225 2000 5000 1500 3000]
C56,mutacion,inventario,elitismo,50,3,0.5,0.01,5,0.13941678,0.00622089639778705,346.179268881716,356.076158503124,6.99939813623069,NaN,[47.211357576449657 3239.0962801343521 2769.0878532232605 1612.7042849146048 67.050985993175075 1176.9376041324304 11.286500737862195 800 1430.7826445552078 493.27667797542273 1994.8222075378649 5000 1453.4053648025217 3000]
C57,mutacion,inventario,elitismo,50,3,0.5,0.05,5,0.13439834,0.0107974727016557,337.877198759138,345.451406246631,5.89950107217082,NaN,[59.848308872635648 3197.2170980446917 3309.1737048459822 1221.5927766269442 67.412160801000852 1163.0687663672245 0 800 1397.8621317425984 484.85764190465835 2000 5000 1500 3000]
C58,mutacion,inventario,elitismo,50,3,0.8,0.01,5,0.13235922,0.00718984995232863,350.299405888244,359.294435497206,8.81280706843139,NaN,[119.53516476542517 3154.14388165319 2885.4623355209801 1480.3904127469971 34.47751066515962 1128.335444835029 231.27325656959769 701.97850189169321 1486.6068624845507 496.06915882933475 2000 5000 1495.6249431291983 2988.2535108648212]
C59,mutacion,inventario,elitismo,50,3,0.8,0.05,5,0.13152876,0.00492985167555779,340.780032015617,344.34506306333,3.00206199597587,NaN,[101.70172556076841 3401.0693181528982 3108.4612203764518 1269.9930918505054 53.397986333607527 1174.8371591150958 0 786.05472756142876 1215.4337774962607 500 2000 5000 1500 3000]
